Component,Drawable,Total Textures
Head,0,1
Head,1,1
Head,2,1
Head,3,1
Head,4,1
Head,5,1
Head,6,1
Head,7,1
Head,8,1
Head,9,1
Head,10,1
Head,11,1
Head,12,1
Head,13,1
Head,14,1
Head,15,1
Head,16,1
Head,17,1
Head,18,1
Head,19,1
Head,20,1
Head,21,1
Head,22,1
Head,23,1
Head,24,1
Head,25,1
Head,26,1
Head,27,1
Head,28,1
Head,29,1
Head,30,1
Head,31,1
Head,32,1
Head,33,1
Head,34,1
Head,35,1
Head,36,1
Head,37,1
Head,38,1
Head,39,1
Head,40,1
Head,41,1
Head,42,1
Head,43,1
Head,44,1
Head,45,1
Special,0,16
Special,1,16
Special,2,16
Special,3,16
Special,4,16
Special,5,16
Special,6,16
Special,7,16
Special,8,16
Special,9,16
Special,10,16
Special,11,16
Special,12,16
Special,13,16
Special,14,16
Special,15,1
Special,16,3
Special,17,6
Special,18,3
Special,19,4
Special,20,4
Special,21,5
Special,22,5
Special,23,3
Special,24,3
Special,25,13
Special,26,13
Special,27,10
Special,28,16
Special,29,16
Special,30,16
Special,31,16
Special,32,16
Special,33,7
Special,34,7
Special,35,7
Special,36,7
Special,37,1
Special,38,2
Special,39,1
Special,40,6
Special,41,5
Special,42,2
Special,43,4
Special,44,2
Special,45,1
Special,46,1
Special,47,4
Special,48,4
Special,49,2
Special,50,2
Special,51,9
Special,52,9
Special,53,2
Special,54,2
Special,55,1
Special,56,2
Special,57,1
Special,58,1
Special,59,2
Special,60,1
Special,61,4
Special,62,4
Special,63,16
Special,64,16
Special,65,19
Special,66,19
Special,67,1
Special,68,1
Special,69,5
Special,70,1
Special,71,6
Special,72,6
Special,73,3
Special,74,8
Special,75,8
Special,76,9
Special,77,9
Special,78,6
Special,79,16
Special,80,16
Special,81,26
Special,82,23
Special,83,26
Special,84,23
Special,85,26
Special,86,23
Special,87,1
Special,88,1
Special,89,1
Special,90,2
Special,91,24
Special,92,24
Special,93,2
Special,94,2
Special,95,2
Special,96,18
Special,97,11
Special,98,24
Special,99,24
Special,100,24
Special,101,24
Special,102,24
Special,103,1
Special,104,1
Special,105,1
Special,106,1
Special,107,1
Special,108,14
Special,109,12
Special,110,12
Special,111,26
Special,112,6
Special,113,6
Special,114,6
Special,115,6
Special,116,6
Special,117,24
Special,118,24
Special,119,24
Special,120,24
Special,121,24
Special,122,1
Special,123,26
Special,124,5
Special,125,5
Special,126,5
Special,127,5
Special,128,5
Special,129,1
Special,130,1
Special,131,20
Special,132,21
Special,133,21
Special,134,21
Special,135,21
Special,136,21
Special,137,2
Special,138,22
Special,139,22
Special,140,22
Special,141,22
Special,142,22
Special,143,1
Special,144,1
Special,145,1
Special,146,14
Special,147,14
Special,148,14
Special,149,14
Special,150,14
Special,151,2
Special,152,12
Special,153,1
Special,154,1
Special,155,1
Special,156,5
Special,157,1
Special,158,1
Special,159,20
Special,160,20
Special,161,20
Special,162,20
Special,163,1
Special,164,1
Special,165,21
Special,166,21
Special,167,21
Special,168,21
Special,169,21
Special,170,20
Special,171,16
Special,172,20
Special,173,10
Special,174,10
Special,175,10
Special,176,10
Special,177,10
Special,178,21
Special,179,21
Special,180,1
Special,181,1
Special,182,1
Special,183,8
Special,184,5
Special,185,5
Special,186,5
Special,187,5
Special,188,5
Special,189,16
Special,190,1
Special,191,1
Special,192,1
Special,193,26
Special,194,26
Special,195,1
Special,196,2
Special,197,1
Special,198,1
Special,199,1
Special,200,2
Special,201,1
Special,202,1
Special,203,1
Special,204,4
Special,205,1
Special,206,6
Special,207,1
Special,208,1
Special,209,1
Special,210,1
Special,211,3
Special,212,3
Special,213,12
Special,214,12
Special,215,5
Special,216,5
Special 2,0,1
Special 2,1,5
Special 2,2,5
Special 2,3,5
Special 2,4,5
Special 2,5,5
Special 2,6,5
Special 2,7,5
Special 2,8,5
Special 2,9,5
Special 2,10,5
Special 2,11,5
Special 2,12,5
Special 2,13,1
Special 2,14,1
Special 2,15,3
Special 2,16,3
Special 2,17,10
Special 2,18,10
Special 2,19,10
Special 2,20,10
Special 2,21,10
Special 2,22,10
Special 2,23,10
Special 2,24,10
Special 2,25,10
Special 2,26,10
Special 2,27,10
Special 2,28,10
Special 2,29,1
Special 2,30,1
Special 2,31,1
Special 2,32,1
Special 2,33,1
Special 2,34,1
Special 2,35,1
Special 2,36,1
Special 2,37,1
Special 2,38,1
Special 2,39,1
Special 2,40,1
Special 2,41,1
Special 2,42,1
Special 2,43,1
Special 2,44,1
Special 2,45,1
Special 2,46,1
Special 2,47,1
Special 2,48,1
Special 2,49,1
Special 2,50,1
Special 2,51,1
Special 2,52,1
Special 2,53,1
Special 2,54,1
Special 2,55,1
Special 2,56,5
Special 2,57,3
Special 2,58,1
Special 2,59,1
Special 2,60,1
Special 2,61,1
Teeth,0,1
Teeth,1,3
Teeth,2,3
Teeth,3,3
Teeth,4,16
Teeth,5,6
Teeth,6,6
Teeth,7,1
Teeth,8,1
Teeth,9,1
Teeth,10,16
Teeth,11,16
Teeth,12,16
Teeth,13,1
Teeth,14,1
Teeth,15,1
Teeth,16,3
Teeth,17,3
Teeth,18,1
Teeth,19,1
Teeth,20,5
Teeth,21,13
Teeth,22,15
Teeth,23,13
Teeth,24,16
Teeth,25,16
Teeth,26,16
Teeth,27,16
Teeth,28,16
Teeth,29,16
Teeth,30,6
Teeth,31,6
Teeth,32,3
Teeth,33,1
Teeth,34,4
Teeth,35,4
Teeth,36,1
Teeth,37,16
Teeth,38,16
Teeth,39,16
Teeth,40,1
Teeth,41,1
Teeth,42,2
Teeth,43,2
Teeth,44,1
Teeth,45,2
Teeth,46,2
Teeth,47,2
Teeth,48,2
Teeth,49,2
Teeth,50,2
Teeth,51,1
Teeth,52,2
Teeth,53,2
Teeth,54,2
Teeth,55,2
Teeth,56,3
Teeth,57,3
Teeth,58,3
Teeth,59,2
Teeth,60,2
Teeth,61,2
Teeth,62,3
Teeth,63,3
Teeth,64,3
Teeth,65,3
Teeth,66,3
Teeth,67,3
Teeth,68,3
Teeth,69,3
Teeth,70,3
Teeth,71,5
Teeth,72,5
Teeth,73,5
Teeth,74,2
Teeth,75,2
Teeth,76,2
Teeth,77,2
Teeth,78,2
Teeth,79,2
Teeth,80,2
Teeth,81,2
Teeth,82,2
Teeth,83,2
Teeth,84,6
Teeth,85,2
Teeth,86,2
Teeth,87,2
Teeth,88,2
Teeth,89,2
Teeth,90,2
Teeth,91,2
Teeth,92,2
Teeth,93,2
Teeth,94,2
Teeth,95,2
Teeth,96,2
Teeth,97,2
Teeth,98,4
Teeth,99,4
Teeth,100,4
Teeth,101,2
Teeth,102,2
Teeth,103,2
Teeth,104,3
Teeth,105,3
Teeth,106,3
Teeth,107,2
Teeth,108,2
Teeth,109,2
Teeth,110,2
Teeth,111,2
Teeth,112,3
Teeth,113,1
Teeth,114,1
Teeth,115,2
Teeth,116,10
Teeth,117,10
Teeth,118,1
Teeth,119,2
Teeth,120,2
Teeth,121,2
Teeth,122,2
Teeth,123,2
Teeth,124,2
Teeth,125,1
Teeth,126,1
Teeth,127,1
Teeth,128,1
Teeth,129,1
Teeth,130,1
Teeth,131,1
Teeth,132,16
Teeth,133,12
Teeth,134,1
Teeth,135,1
Teeth,136,3
Teeth,137,3
Teeth,138,3
Teeth,139,3
Teeth,140,3
Teeth,141,3
Teeth,142,3
Teeth,143,3
Teeth,144,3
Teeth,145,3
Teeth,146,17
Teeth,147,17
Teeth,148,17
Teeth,149,16
Teeth,150,16
Teeth,151,1
Teeth,152,1
Teeth,153,1
Teeth,154,1
Teeth,155,1
Teeth,156,10
Teeth,157,10
Teeth,158,1
Teeth,159,1
Teeth,160,5
Teeth,161,5
Teeth,162,5
Teeth,163,5
Teeth,164,5
Teeth,165,5
Teeth,166,2
Teeth,167,1
Teeth,168,1
Teeth,169,2
Teeth,170,1
Teeth,171,5
Teeth,172,5
Teeth,173,1
Teeth,174,1
Teeth,175,1
Teeth,176,1
Teeth,177,6
Teeth,178,5
Teeth,179,5
Teeth,180,5
Teeth,181,5
Teeth,182,5
Teeth,183,5
Teeth,184,2
Teeth,185,2
Teeth,186,5
Teeth,187,5
Teeth,188,5
Teeth,189,5
Teeth,190,1
Teeth,191,1
Teeth,192,3
Teeth,193,3
Teeth,194,2
Teeth,195,2
Teeth,196,2
Teeth,197,2
Teeth,198,2
Hands,0,1
Hands,1,1
Hands,2,1
Hands,3,1
Hands,4,1
Hands,5,1
Hands,6,1
Hands,7,1
Hands,8,1
Hands,9,1
Hands,10,26
Hands,11,26
Hands,12,26
Hands,13,26
Hands,14,26
Hands,15,26
Hands,16,26
Hands,17,26
Hands,18,26
Hands,19,1
Hands,20,1
Hands,21,26
Hands,22,26
Hands,23,26
Hands,24,26
Hands,25,26
Hands,26,26
Hands,27,26
Hands,28,26
Hands,29,26
Hands,30,1
Hands,31,5
Hands,32,5
Hands,33,5
Hands,34,5
Hands,35,5
Hands,36,5
Hands,37,5
Hands,38,5
Hands,39,5
Hands,40,1
Hands,41,1
Hands,42,1
Hands,43,1
Hands,44,1
Hands,45,1
Hands,46,1
Hands,47,1
Hands,48,1
Hands,49,26
Hands,50,26
Hands,51,5
Hands,52,10
Hands,53,10
Hands,54,10
Hands,55,10
Hands,56,10
Hands,57,10
Hands,58,10
Hands,59,10
Hands,60,10
Hands,61,10
Hands,62,1
Hands,63,1
Hands,64,26
Hands,65,26
Hands,66,5
Hands,67,26
Hands,68,1
Hands,69,10
Hands,70,2
Hands,71,2
Hands,72,2
Hands,73,2
Hands,74,2
Hands,75,2
Hands,76,2
Hands,77,2
Hands,78,2
Hands,79,2
Hands,80,2
Hands,81,26
Hands,82,26
Hands,83,26
Hands,84,26
Hands,85,25
Hands,86,25
Hands,87,25
Hands,88,25
Hands,89,3
Hands,90,3
Hands,91,3
Hands,92,3
Hands,93,3
Hands,94,3
Hands,95,3
Hands,96,3
Hands,97,3
Hands,98,3
Hands,99,3
Hands,100,1
Hands,101,1
Hands,102,1
Hands,103,1
Hands,104,1
Hands,105,1
Hands,106,1
Hands,107,1
Hands,108,1
Hands,109,1
Hands,110,1
Torso,0,1
Torso,1,1
Torso,2,1
Torso,3,1
Torso,4,1
Torso,5,1
Torso,6,1
Torso,7,1
Torso,8,1
Torso,9,1
Torso,10,1
Torso,11,1
Torso,12,1
Torso,13,1
Torso,14,1
Torso,15,1
Torso,16,1
Torso,17,5
Torso,18,5
Torso,19,2
Torso,20,2
Torso,21,2
Torso,22,2
Torso,23,2
Torso,24,2
Torso,25,2
Torso,26,2
Torso,27,2
Torso,28,2
Torso,29,2
Torso,30,2
Torso,31,2
Torso,32,2
Torso,33,2
Torso,34,2
Torso,35,2
Torso,36,2
Torso,37,2
Torso,38,2
Torso,39,2
Torso,40,2
Torso,41,2
Torso,42,2
Torso,43,2
Torso,44,2
Torso,45,2
Torso,46,2
Torso,47,2
Torso,48,2
Torso,49,2
Torso,50,2
Torso,51,2
Torso,52,2
Torso,53,2
Torso,54,2
Torso,55,2
Torso,56,2
Torso,57,2
Torso,58,2
Torso,59,2
Torso,60,2
Torso,61,2
Torso,62,2
Torso,63,1
Torso,64,1
Torso,65,1
Torso,66,1
Torso,67,1
Torso,68,1
Torso,69,1
Torso,70,1
Torso,71,1
Torso,72,1
Torso,73,1
Torso,74,1
Torso,75,1
Torso,76,1
Torso,77,1
Torso,78,1
Torso,79,1
Torso,80,1
Torso,81,1
Torso,82,1
Torso,83,1
Torso,84,1
Torso,85,2
Torso,86,2
Torso,87,2
Torso,88,2
Torso,89,2
Torso,90,2
Torso,91,2
Torso,92,2
Torso,93,2
Torso,94,2
Torso,95,2
Torso,96,1
Torso,97,1
Torso,98,3
Torso,99,10
Torso,100,10
Torso,101,10
Torso,102,10
Torso,103,10
Torso,104,10
Torso,105,10
Torso,106,10
Torso,107,10
Torso,108,10
Torso,109,10
Torso,110,12
Torso,111,16
Torso,112,1
Torso,113,1
Torso,114,1
Torso,115,2
Torso,116,2
Torso,117,2
Torso,118,2
Torso,119,1
Torso,120,1
Torso,121,2
Torso,122,2
Torso,123,2
Torso,124,2
Torso,125,2
Torso,126,1
Torso,127,1
Torso,128,2
Torso,129,2
Torso,130,2
Torso,131,2
Torso,132,2
Torso,133,1
Torso,134,1
Torso,135,2
Torso,136,20
Torso,137,20
Torso,138,20
Torso,139,20
Torso,140,20
Torso,141,20
Torso,142,20
Torso,143,20
Torso,144,20
Torso,145,20
Torso,146,20
Torso,147,20
Torso,148,20
Torso,149,20
Torso,150,20
Torso,151,20
Torso,152,20
Torso,153,20
Torso,154,20
Torso,155,20
Torso,156,20
Torso,157,20
Torso,158,20
Torso,159,20
Torso,160,20
Torso,161,20
Torso,162,20
Torso,163,20
Torso,164,12
Torso,165,18
Torso,166,12
Torso,167,1
Torso,168,1
Torso,169,1
Torso,170,8
Torso,171,8
Torso,172,8
Torso,173,8
Torso,174,8
Torso,175,8
Torso,176,8
Torso,177,8
Torso,178,8
Torso,179,8
Torso,180,8
Torso,181,8
Torso,182,8
Torso,183,8
Torso,184,1
Torso,185,2
Torso,186,2
Torso,187,2
Torso,188,2
Torso,189,1
Torso,190,1
Torso,191,2
Torso,192,20
Torso,193,20
Torso,194,8
Torso,195,1
Torso,196,1
Torso,197,1
Torso,198,1
Torso,199,2
Torso,200,2
Torso,201,2
Torso,202,2
Torso,203,1
Torso,204,1
Torso,205,2
Torso,206,20
Torso,207,20
Torso,208,8
Torso,209,1
Torso,210,1
Torso,211,1
Torso,212,1
Torso,213,1
Decal,0,1
Decal,1,1
Decal,2,1
Decal,3,1
Decal,4,1
Decal,5,1
Decal,6,1
Decal,7,1
Decal,8,4
Decal,9,1
Decal,10,1
Decal,11,6
Decal,12,8
Decal,13,1
Decal,14,1
Decal,15,9
Decal,16,1
Decal,17,1
Decal,18,1
Decal,19,1
Decal,20,1
Decal,21,1
Decal,22,1
Decal,23,1
Decal,24,1
Decal,25,1
Decal,26,1
Decal,27,1
Decal,28,1
Decal,29,1
Decal,30,1
Decal,31,1
Decal,32,1
Decal,33,1
Decal,34,1
Decal,35,1
Decal,36,1
Decal,37,1
Decal,38,1
Decal,39,1
Decal,40,1
Decal,41,1
Decal,42,1
Decal,43,1
Decal,44,11
Decal,45,14
Decal,46,1
Decal,47,1
Decal,48,1
Decal,49,1
Decal,50,1
Decal,51,1
Decal,52,1
Decal,53,1
Decal,54,1
Decal,55,1
Decal,56,1
Decal,57,1
Decal,58,2
Decal,59,1
Decal,60,1
Decal,61,1
Decal,62,1
Decal,63,19
Decal,64,1
Decal,65,1
Decal,66,7
Decal,67,7
Decal,68,1
Decal,69,1
Decal,70,2
Decal,71,1
Decal,72,1
Decal,73,1
Decal,74,1
Decal,75,1
Decal,76,1
Decal,77,1
Decal,78,1
Decal,79,1
Decal,80,1
Decal,81,1
Decal,82,1
Decal,83,1
Decal,84,1
Decal,85,1
Decal,86,1
Decal,87,1
Decal,88,1
Decal,89,1
Decal,90,1
Decal,91,1
Decal,92,1
Decal,93,1
Decal,94,1
Decal,95,1
Decal,96,1
Decal,97,1
Decal,98,1
Decal,99,1
Decal,100,1
Decal,101,1
Decal,102,1
Decal,103,1
Decal,104,1
Decal,105,1
Decal,106,2
Decal,107,2
Decal,108,1
Decal,109,1
Decal,110,2
Decal,111,2
Decal,112,2
Decal,113,2
Decal,114,2
Decal,115,4
Decal,116,1
Decal,117,1
Decal,118,1
Decal,119,1
Decal,120,1
Decal,121,1
Decal,122,1
Decal,123,1
Decal,124,1
Decal,125,1
Decal,126,1
Decal,127,1
Decal,128,1
Decal,129,1
Decal,130,6
Decal,131,5
Decal,132,3
Decal,133,1
Decal,134,1
Decal,135,1
Decal,136,1
Decal,137,1
Decal,138,1
Decal,139,1
Decal,140,1
Decal,141,1
Decal,142,1
Decal,143,1
Decal,144,1
Decal,145,1
Decal,146,1
Decal,147,1
Decal,148,1
Decal,149,1
Decal,150,1
Decal,151,5
Decal,152,5
Decal,153,1
Decal,154,1
Decal,155,1
Decal,156,1
Decal,157,1
Decal,158,1
Decal,159,1
Decal,160,1
Decal,161,1
Decal,162,2
Decal,163,2
Decal,164,2
Decal,165,2
Decal,166,12
Decal,167,2
Decal,168,8
Decal,169,3
Decal,170,1
Decal,171,1
Decal,172,14
Decal,173,5
Decal,174,14
Decal,175,3
Decal,176,14
Decal,177,3
Decal,178,1
Decal,179,1
Decal,180,1
Decal,181,2
Decal,182,1
Decal,183,13
Decal,184,13
Decal,185,1
Decal,186,1
Decal,187,1
Decal,188,1
Decal,189,1
Decal,190,1
Decal,191,1
Decal,192,1
Decal,193,10
Decal,194,4
Decal,195,2
Decal,196,1
Decal,197,1
Decal,198,2
Decal,199,1
Decal,200,1
Decal,201,1
Decal,202,1
Decal,203,1
Decal,204,1
Decal,205,1
Decal,206,1
Decal,207,1
Decal,208,1
Decal,209,1
Decal,210,1
Decal,211,3
Decal,212,3
Decal,213,3
Decal,214,3
Decal,215,1
Decal,216,1
Decal,217,1
Decal,218,1
Decal,219,1
Decal,220,1
Decal,221,1
Decal,222,1
Decal,223,1
Decal,224,1
Decal,225,1
Decal,226,11
Decal,227,2
Decal,228,2
Decal,229,2
Decal,230,4
Decal,231,2
Decal,232,2
Decal,233,4
Decal,234,2
Decal,235,2
Decal,236,10
Decal,237,6
Decal,238,2
Decal,239,10
Decal,240,6
Decal,241,4
Decal,242,4
Decal,243,2
Decal,244,4
Decal,245,4
Decal,246,2
Decal,247,3
Decal,248,7
Hair,0,1
Hair,1,6
Hair,2,6
Hair,3,6
Hair,4,7
Hair,5,6
Hair,6,6
Hair,7,7
Hair,8,5
Hair,9,7
Hair,10,6
Hair,11,6
Hair,12,5
Hair,13,6
Hair,14,5
Hair,15,6
Hair,16,5
Hair,17,5
Hair,18,5
Hair,19,5
Hair,20,5
Hair,21,5
Hair,22,5
Hair,23,1
Hair,24,1
Hair,25,1
Hair,26,1
Hair,27,1
Hair,28,1
Hair,29,1
Hair,30,1
Hair,31,1
Hair,32,1
Hair,33,1
Hair,34,1
Hair,35,1
Hair,36,1
Hair,37,1
Hair,38,1
Hair,39,1
Hair,40,1
Hair,41,1
Hair,42,1
Hair,43,1
Hair,44,1
Hair,45,1
Hair,46,1
Hair,47,1
Hair,48,1
Hair,49,1
Hair,50,1
Hair,51,1
Hair,52,1
Hair,53,1
Hair,54,1
Hair,55,1
Hair,56,1
Hair,57,1
Hair,58,1
Hair,59,1
Hair,60,1
Hair,61,1
Hair,62,1
Hair,63,1
Hair,64,1
Hair,65,1
Hair,66,1
Hair,67,1
Hair,68,1
Hair,69,1
Hair,70,1
Hair,71,1
Hair,72,1
Hair,73,1
Hair,74,1
Hair,75,1
Hair,76,1
Hair,77,1
Hair,78,1
Hair,79,1
Hair,80,1
Hair,81,1
Hair,82,1
Tuxedo/Jacket Bib,0,16
Tuxedo/Jacket Bib,1,16
Tuxedo/Jacket Bib,2,16
Tuxedo/Jacket Bib,3,16
Tuxedo/Jacket Bib,4,16
Tuxedo/Jacket Bib,5,16
Tuxedo/Jacket Bib,6,12
Tuxedo/Jacket Bib,7,16
Tuxedo/Jacket Bib,8,16
Tuxedo/Jacket Bib,9,16
Tuxedo/Jacket Bib,10,16
Tuxedo/Jacket Bib,11,16
Tuxedo/Jacket Bib,12,16
Tuxedo/Jacket Bib,13,16
Tuxedo/Jacket Bib,14,16
Tuxedo/Jacket Bib,15,1
Tuxedo/Jacket Bib,16,3
Tuxedo/Jacket Bib,17,6
Tuxedo/Jacket Bib,18,4
Tuxedo/Jacket Bib,19,2
Tuxedo/Jacket Bib,20,4
Tuxedo/Jacket Bib,21,4
Tuxedo/Jacket Bib,22,3
Tuxedo/Jacket Bib,23,4
Tuxedo/Jacket Bib,24,13
Tuxedo/Jacket Bib,25,10
Tuxedo/Jacket Bib,26,10
Tuxedo/Jacket Bib,27,3
Tuxedo/Jacket Bib,28,3
Tuxedo/Jacket Bib,29,8
Tuxedo/Jacket Bib,30,8
Tuxedo/Jacket Bib,31,8
Tuxedo/Jacket Bib,32,8
Tuxedo/Jacket Bib,33,1
Tuxedo/Jacket Bib,34,2
Tuxedo/Jacket Bib,35,7
Tuxedo/Jacket Bib,36,6
Tuxedo/Jacket Bib,37,3
Tuxedo/Jacket Bib,38,5
Tuxedo/Jacket Bib,39,2
Tuxedo/Jacket Bib,40,2
Tuxedo/Jacket Bib,41,4
Tuxedo/Jacket Bib,42,1
Tuxedo/Jacket Bib,43,1
Tuxedo/Jacket Bib,44,4
Tuxedo/Jacket Bib,45,3
Tuxedo/Jacket Bib,46,3
Tuxedo/Jacket Bib,47,2
Tuxedo/Jacket Bib,48,1
Tuxedo/Jacket Bib,49,5
Tuxedo/Jacket Bib,50,5
Tuxedo/Jacket Bib,51,3
Tuxedo/Jacket Bib,52,4
Tuxedo/Jacket Bib,53,4
Tuxedo/Jacket Bib,54,1
Tuxedo/Jacket Bib,55,1
Tuxedo/Jacket Bib,56,1
Tuxedo/Jacket Bib,57,1
Tuxedo/Jacket Bib,58,1
Tuxedo/Jacket Bib,59,4
Tuxedo/Jacket Bib,60,4
Tuxedo/Jacket Bib,61,4
Tuxedo/Jacket Bib,62,1
Tuxedo/Jacket Bib,63,1
Tuxedo/Jacket Bib,64,1
Tuxedo/Jacket Bib,65,4
Tuxedo/Jacket Bib,66,4
Tuxedo/Jacket Bib,67,4
Tuxedo/Jacket Bib,68,6
Tuxedo/Jacket Bib,69,6
Tuxedo/Jacket Bib,70,12
Tuxedo/Jacket Bib,71,1
Tuxedo/Jacket Bib,72,4
Tuxedo/Jacket Bib,73,19
Tuxedo/Jacket Bib,74,11
Tuxedo/Jacket Bib,75,11
Tuxedo/Jacket Bib,76,5
Tuxedo/Jacket Bib,77,4
Tuxedo/Jacket Bib,78,16
Tuxedo/Jacket Bib,79,1
Tuxedo/Jacket Bib,80,3
Tuxedo/Jacket Bib,81,3
Tuxedo/Jacket Bib,82,16
Tuxedo/Jacket Bib,83,5
Tuxedo/Jacket Bib,84,6
Tuxedo/Jacket Bib,85,1
Tuxedo/Jacket Bib,86,5
Tuxedo/Jacket Bib,87,12
Tuxedo/Jacket Bib,88,12
Tuxedo/Jacket Bib,89,4
Tuxedo/Jacket Bib,90,1
Tuxedo/Jacket Bib,91,1
Tuxedo/Jacket Bib,92,7
Tuxedo/Jacket Bib,93,3
Tuxedo/Jacket Bib,94,3
Tuxedo/Jacket Bib,95,3
Tuxedo/Jacket Bib,96,1
Tuxedo/Jacket Bib,97,2
Tuxedo/Jacket Bib,98,2
Tuxedo/Jacket Bib,99,5
Tuxedo/Jacket Bib,100,5
Tuxedo/Jacket Bib,101,4
Tuxedo/Jacket Bib,102,4
Tuxedo/Jacket Bib,103,1
Tuxedo/Jacket Bib,104,1
Tuxedo/Jacket Bib,105,1
Tuxedo/Jacket Bib,106,1
Tuxedo/Jacket Bib,107,5
Tuxedo/Jacket Bib,108,11
Tuxedo/Jacket Bib,109,1
Tuxedo/Jacket Bib,110,1
Tuxedo/Jacket Bib,111,6
Tuxedo/Jacket Bib,112,1
Tuxedo/Jacket Bib,113,4
Tuxedo/Jacket Bib,114,8
Tuxedo/Jacket Bib,115,1
Tuxedo/Jacket Bib,116,3
Tuxedo/Jacket Bib,117,16
Tuxedo/Jacket Bib,118,10
Tuxedo/Jacket Bib,119,12
Tuxedo/Jacket Bib,120,12
Tuxedo/Jacket Bib,121,12
Tuxedo/Jacket Bib,122,14
Tuxedo/Jacket Bib,123,3
Tuxedo/Jacket Bib,124,1
Tuxedo/Jacket Bib,125,1
Tuxedo/Jacket Bib,126,15
Tuxedo/Jacket Bib,127,15
Tuxedo/Jacket Bib,128,10
Tuxedo/Jacket Bib,129,1
Tuxedo/Jacket Bib,130,1
Tuxedo/Jacket Bib,131,1
Tuxedo/Jacket Bib,132,1
Tuxedo/Jacket Bib,133,1
Tuxedo/Jacket Bib,134,3
Tuxedo/Jacket Bib,135,7
Tuxedo/Jacket Bib,136,7
Tuxedo/Jacket Bib,137,3
Tuxedo/Jacket Bib,138,3
Tuxedo/Jacket Bib,139,8
Tuxedo/Jacket Bib,140,15
Tuxedo/Jacket Bib,141,11
Tuxedo/Jacket Bib,142,3
Tuxedo/Jacket Bib,143,10
Tuxedo/Jacket Bib,144,14
Tuxedo/Jacket Bib,145,14
Tuxedo/Jacket Bib,146,9
Tuxedo/Jacket Bib,147,10
Tuxedo/Jacket Bib,148,12
Tuxedo/Jacket Bib,149,10
Tuxedo/Jacket Bib,150,12
Tuxedo/Jacket Bib,151,6
Tuxedo/Jacket Bib,152,16
Tuxedo/Jacket Bib,153,26
Tuxedo/Jacket Bib,154,8
Tuxedo/Jacket Bib,155,4
Tuxedo/Jacket Bib,156,6
Tuxedo/Jacket Bib,157,4
Tuxedo/Jacket Bib,158,3
Tuxedo/Jacket Bib,159,2
Tuxedo/Jacket Bib,160,2
Tuxedo/Jacket Bib,161,4
Tuxedo/Jacket Bib,162,4
Tuxedo/Jacket Bib,163,1
Tuxedo/Jacket Bib,164,3
Tuxedo/Jacket Bib,165,7
Tuxedo/Jacket Bib,166,6
Tuxedo/Jacket Bib,167,16
Tuxedo/Jacket Bib,168,3
Tuxedo/Jacket Bib,169,4
Tuxedo/Jacket Bib,170,4
Tuxedo/Jacket Bib,171,2
Tuxedo/Jacket Bib,172,4
Tuxedo/Jacket Bib,173,4
Tuxedo/Jacket Bib,174,4
Tuxedo/Jacket Bib,175,4
Tuxedo/Jacket Bib,176,1
Tuxedo/Jacket Bib,177,7
Tuxedo/Jacket Bib,178,11
Tuxedo/Jacket Bib,179,4
Tuxedo/Jacket Bib,180,3
Tuxedo/Jacket Bib,181,6
Tuxedo/Jacket Bib,182,2
Tuxedo/Jacket Bib,183,6
Tuxedo/Jacket Bib,184,4
Tuxedo/Jacket Bib,185,4
Tuxedo/Jacket Bib,186,11
Tuxedo/Jacket Bib,187,13
Tuxedo/Jacket Bib,188,11
Tuxedo/Jacket Bib,189,11
Tuxedo/Jacket Bib,190,26
Tuxedo/Jacket Bib,191,26
Tuxedo/Jacket Bib,192,12
Tuxedo/Jacket Bib,193,26
Tuxedo/Jacket Bib,194,3
Tuxedo/Jacket Bib,195,3
Tuxedo/Jacket Bib,196,16
Tuxedo/Jacket Bib,197,16
Tuxedo/Jacket Bib,198,8
Tuxedo/Jacket Bib,199,8
Tuxedo/Jacket Bib,200,26
Tuxedo/Jacket Bib,201,3
Tuxedo/Jacket Bib,202,5
Tuxedo/Jacket Bib,203,26
Tuxedo/Jacket Bib,204,13
Tuxedo/Jacket Bib,205,5
Tuxedo/Jacket Bib,206,24
Tuxedo/Jacket Bib,207,24
Tuxedo/Jacket Bib,208,24
Tuxedo/Jacket Bib,209,24
Tuxedo/Jacket Bib,210,24
Tuxedo/Jacket Bib,211,24
Tuxedo/Jacket Bib,212,24
Tuxedo/Jacket Bib,213,24
Tuxedo/Jacket Bib,214,24
Tuxedo/Jacket Bib,215,24
Tuxedo/Jacket Bib,216,24
Tuxedo/Jacket Bib,217,15
Tuxedo/Jacket Bib,218,15
Tuxedo/Jacket Bib,219,26
Tuxedo/Jacket Bib,220,26
Tuxedo/Jacket Bib,221,26
Tuxedo/Jacket Bib,222,26
Tuxedo/Jacket Bib,223,16
Tuxedo/Jacket Bib,224,16
Tuxedo/Jacket Bib,225,2
Tuxedo/Jacket Bib,226,1
Tuxedo/Jacket Bib,227,14
Tuxedo/Jacket Bib,228,20
Tuxedo/Jacket Bib,229,12
Tuxedo/Jacket Bib,230,12
Tuxedo/Jacket Bib,231,1
Tuxedo/Jacket Bib,232,10
Tuxedo/Jacket Bib,233,10
Tuxedo/Jacket Bib,234,26
Tuxedo/Jacket Bib,235,12
Tuxedo/Jacket Bib,236,12
Tuxedo/Jacket Bib,237,26
Tuxedo/Jacket Bib,238,6
Tuxedo/Jacket Bib,239,24
Tuxedo/Jacket Bib,240,6
Tuxedo/Jacket Bib,241,6
Tuxedo/Jacket Bib,242,6
Tuxedo/Jacket Bib,243,26
Tuxedo/Jacket Bib,244,26
Tuxedo/Jacket Bib,245,10
Tuxedo/Jacket Bib,246,12
Tuxedo/Jacket Bib,247,26
Tuxedo/Jacket Bib,248,26
Tuxedo/Jacket Bib,249,2
Tuxedo/Jacket Bib,250,2
Tuxedo/Jacket Bib,251,26
Tuxedo/Jacket Bib,252,1
Tuxedo/Jacket Bib,253,26
Tuxedo/Jacket Bib,254,7
Tuxedo/Jacket Bib,255,26
Tuxedo/Jacket Bib,256,16
Tuxedo/Jacket Bib,257,24
Tuxedo/Jacket Bib,258,15
Tuxedo/Jacket Bib,259,26
Tuxedo/Jacket Bib,260,26
Tuxedo/Jacket Bib,261,16
Tuxedo/Jacket Bib,262,16
Tuxedo/Jacket Bib,263,16
Tuxedo/Jacket Bib,264,12
Tuxedo/Jacket Bib,265,18
Tuxedo/Jacket Bib,266,18
Tuxedo/Jacket Bib,267,5
Tuxedo/Jacket Bib,268,5
Tuxedo/Jacket Bib,269,16
Tuxedo/Jacket Bib,270,2
Tuxedo/Jacket Bib,271,21
Tuxedo/Jacket Bib,272,1
Tuxedo/Jacket Bib,273,22
Tuxedo/Jacket Bib,274,20
Tuxedo/Jacket Bib,275,16
Tuxedo/Jacket Bib,276,12
Tuxedo/Jacket Bib,277,12
Tuxedo/Jacket Bib,278,18
Tuxedo/Jacket Bib,279,18
Tuxedo/Jacket Bib,280,18
Tuxedo/Jacket Bib,281,24
Tuxedo/Jacket Bib,282,16
Tuxedo/Jacket Bib,283,12
Tuxedo/Jacket Bib,284,1
Tuxedo/Jacket Bib,285,1
Tuxedo/Jacket Bib,286,1
Tuxedo/Jacket Bib,287,14
Tuxedo/Jacket Bib,288,14
Tuxedo/Jacket Bib,289,16
Tuxedo/Jacket Bib,290,1
Tuxedo/Jacket Bib,291,1
Tuxedo/Jacket Bib,292,26
Tuxedo/Jacket Bib,293,26
Tuxedo/Jacket Bib,294,10
Tuxedo/Jacket Bib,295,10
Tuxedo/Jacket Bib,296,26
Tuxedo/Jacket Bib,297,26
Tuxedo/Jacket Bib,298,25
Tuxedo/Jacket Bib,299,26
Tuxedo/Jacket Bib,300,26
Tuxedo/Jacket Bib,301,26
Tuxedo/Jacket Bib,302,26
Tuxedo/Jacket Bib,303,26
Tuxedo/Jacket Bib,304,10
Tuxedo/Jacket Bib,305,26
Tuxedo/Jacket Bib,306,26
Tuxedo/Jacket Bib,307,24
Tuxedo/Jacket Bib,308,12
Tuxedo/Jacket Bib,309,14
Tuxedo/Jacket Bib,310,11
Tuxedo/Jacket Bib,311,26
Tuxedo/Jacket Bib,312,26
Tuxedo/Jacket Bib,313,21
Tuxedo/Jacket Bib,314,2
Tuxedo/Jacket Bib,315,2
Tuxedo/Jacket Bib,316,9
Tuxedo/Jacket Bib,317,9
Tuxedo/Jacket Bib,318,9
Tuxedo/Jacket Bib,319,9
Tuxedo/Jacket Bib,320,1
Tuxedo/Jacket Bib,321,1
Tuxedo/Jacket Bib,322,1
Tuxedo/Jacket Bib,323,26
Tuxedo/Jacket Bib,324,20
Tuxedo/Jacket Bib,325,24
Tuxedo/Jacket Bib,326,1
Tuxedo/Jacket Bib,327,1
Tuxedo/Jacket Bib,328,1
Tuxedo/Jacket Bib,329,1
Tuxedo/Jacket Bib,330,1
Tuxedo/Jacket Bib,331,1
Tuxedo/Jacket Bib,332,26
Tuxedo/Jacket Bib,333,1
Tuxedo/Jacket Bib,334,12
Tuxedo/Jacket Bib,335,6
Tuxedo/Jacket Bib,336,9
Tuxedo/Jacket Bib,337,9
Tuxedo/Jacket Bib,338,6
Tuxedo/Jacket Bib,339,24
Tuxedo/Jacket Bib,340,9
Tuxedo/Jacket Bib,341,9
Tuxedo/Jacket Bib,342,7
Tuxedo/Jacket Bib,343,7
Tuxedo/Jacket Bib,344,7
Tuxedo/Jacket Bib,345,11
Tuxedo/Jacket Bib,346,26
Tuxedo/Jacket Bib,347,26
Tuxedo/Jacket Bib,348,20
Tuxedo/Jacket Bib,349,20
Tuxedo/Jacket Bib,350,10
Tuxedo/Jacket Bib,351,10
Tuxedo/Jacket Bib,352,3
Tuxedo/Jacket Bib,353,5
Tuxedo/Jacket Bib,354,26
Tuxedo/Jacket Bib,355,26
Tuxedo/Jacket Bib,356,1
Tuxedo/Jacket Bib,357,2
Tuxedo/Jacket Bib,358,10
Tuxedo/Jacket Bib,359,1
Tuxedo/Jacket Bib,360,1
Tuxedo/Jacket Bib,361,1
Tuxedo/Jacket Bib,362,1
Tuxedo/Jacket Bib,363,4
Tuxedo/Jacket Bib,364,2
Tuxedo/Jacket Bib,365,2
Tuxedo/Jacket Bib,366,2
Tuxedo/Jacket Bib,367,8
Tuxedo/Jacket Bib,368,8
Tuxedo/Jacket Bib,369,16
Tuxedo/Jacket Bib,370,16
Tuxedo/Jacket Bib,371,16
Tuxedo/Jacket Bib,372,2
Tuxedo/Jacket Bib,373,21
Tuxedo/Jacket Bib,374,21
Tuxedo/Jacket Bib,375,3
Tuxedo/Jacket Bib,376,3
Tuxedo/Jacket Bib,377,21
Tuxedo/Jacket Bib,378,10
Tuxedo/Jacket Bib,379,12
Tuxedo/Jacket Bib,380,8
Tuxedo/Jacket Bib,381,12
Tuxedo/Jacket Bib,382,8
Tuxedo/Jacket Bib,383,8
Tuxedo/Jacket Bib,384,26
Tuxedo/Jacket Bib,385,26
Tuxedo/Jacket Bib,386,14
Tuxedo/Jacket Bib,387,14
Tuxedo/Jacket Bib,388,26
Tuxedo/Jacket Bib,389,3
Tuxedo/Jacket Bib,390,26
Tuxedo/Jacket Bib,391,3
Tuxedo/Jacket Bib,392,5
Tuxedo/Jacket Bib,393,16
Tuxedo/Jacket Bib,394,1
Tuxedo/Jacket Bib,395,1
Tuxedo/Jacket Bib,396,1
Tuxedo/Jacket Bib,397,1
Tuxedo/Jacket Bib,398,1
Tuxedo/Jacket Bib,399,1
Tuxedo/Jacket Bib,400,1
Tuxedo/Jacket Bib,401,1
Tuxedo/Jacket Bib,402,1
Tuxedo/Jacket Bib,403,14
Tuxedo/Jacket Bib,404,14
Tuxedo/Jacket Bib,405,26
Tuxedo/Jacket Bib,406,20
Tuxedo/Jacket Bib,407,1
Tuxedo/Jacket Bib,408,1
Tuxedo/Jacket Bib,409,3
Tuxedo/Jacket Bib,410,3
Tuxedo/Jacket Bib,411,1
Tuxedo/Jacket Bib,412,1
Tuxedo/Jacket Bib,413,1
Tuxedo/Jacket Bib,414,2
Tuxedo/Jacket Bib,415,2
Tuxedo/Jacket Bib,416,1
Tuxedo/Jacket Bib,417,1
Tuxedo/Jacket Bib,418,1
Tuxedo/Jacket Bib,419,1
Tuxedo/Jacket Bib,420,1
Tuxedo/Jacket Bib,421,1
Tuxedo/Jacket Bib,422,26
Tuxedo/Jacket Bib,423,26
Tuxedo/Jacket Bib,424,14
Tuxedo/Jacket Bib,425,14
Tuxedo/Jacket Bib,426,2
Tuxedo/Jacket Bib,427,2
Tuxedo/Jacket Bib,428,26
Tuxedo/Jacket Bib,429,20
Tuxedo/Jacket Bib,430,1
Tuxedo/Jacket Bib,431,1
Tuxedo/Jacket Bib,432,18
Tuxedo/Jacket Bib,433,1
Tuxedo/Jacket Bib,434,1
Tuxedo/Jacket Bib,435,1
Tuxedo/Jacket Bib,436,1
Tuxedo/Jacket Bib,437,1
Tuxedo/Jacket Bib,438,1
Tuxedo/Jacket Bib,439,1
Tuxedo/Jacket Bib,440,26
Tuxedo/Jacket Bib,441,1
Tuxedo/Jacket Bib,442,26
Tuxedo/Jacket Bib,443,3
Tuxedo/Jacket Bib,444,26
Tuxedo/Jacket Bib,445,3
Tuxedo/Jacket Bib,446,2
Tuxedo/Jacket Bib,447,2
Tuxedo/Jacket Bib,448,26
Tuxedo/Jacket Bib,449,1
Tuxedo/Jacket Bib,450,2
Tuxedo/Jacket Bib,451,26
Tuxedo/Jacket Bib,452,5
Tuxedo/Jacket Bib,453,1
Tuxedo/Jacket Bib,454,1
Tuxedo/Jacket Bib,455,1
Tuxedo/Jacket Bib,456,1
Tuxedo/Jacket Bib,457,4
Tuxedo/Jacket Bib,458,1
Tuxedo/Jacket Bib,459,1
Tuxedo/Jacket Bib,460,1
Tuxedo/Jacket Bib,461,1
Tuxedo/Jacket Bib,462,1
Tuxedo/Jacket Bib,463,1
Tuxedo/Jacket Bib,464,3
Tuxedo/Jacket Bib,465,5
Tuxedo/Jacket Bib,466,5
Tuxedo/Jacket Bib,467,3
Tuxedo/Jacket Bib,468,1
Tuxedo/Jacket Bib,469,1
Tuxedo/Jacket Bib,470,1
Tuxedo/Jacket Bib,471,1
Tuxedo/Jacket Bib,472,1
Tuxedo/Jacket Bib,473,3
Tuxedo/Jacket Bib,474,1
Tuxedo/Jacket Bib,475,1
Tuxedo/Jacket Bib,476,1
Tuxedo/Jacket Bib,477,1
Tuxedo/Jacket Bib,478,1
Tuxedo/Jacket Bib,479,1
Tuxedo/Jacket Bib,480,1
Tuxedo/Jacket Bib,481,1
Tuxedo/Jacket Bib,482,1
Tuxedo/Jacket Bib,483,1
Tuxedo/Jacket Bib,484,1
Tuxedo/Jacket Bib,485,1
Tuxedo/Jacket Bib,486,1
Tuxedo/Jacket Bib,487,1
Tuxedo/Jacket Bib,488,2
Tuxedo/Jacket Bib,489,2
Tuxedo/Jacket Bib,490,2
Tuxedo/Jacket Bib,491,1
Tuxedo/Jacket Bib,492,1
Tuxedo/Jacket Bib,493,12
Tuxedo/Jacket Bib,494,1
Tuxedo/Jacket Bib,495,2
Tuxedo/Jacket Bib,496,11
Tuxedo/Jacket Bib,497,1
Tuxedo/Jacket Bib,498,1
Tuxedo/Jacket Bib,499,26
Tuxedo/Jacket Bib,500,26
Tuxedo/Jacket Bib,501,6
Tuxedo/Jacket Bib,502,16
Tuxedo/Jacket Bib,503,16
Tuxedo/Jacket Bib,504,1
Tuxedo/Jacket Bib,505,1
Tuxedo/Jacket Bib,506,1
Tuxedo/Jacket Bib,507,14
Tuxedo/Jacket Bib,508,26
Tuxedo/Jacket Bib,509,3
Tuxedo/Jacket Bib,510,26
Tuxedo/Jacket Bib,511,1
Tuxedo/Jacket Bib,512,1
Tuxedo/Jacket Bib,513,2
Tuxedo/Jacket Bib,514,3
Tuxedo/Jacket Bib,515,3
Tuxedo/Jacket Bib,516,14
Tuxedo/Jacket Bib,517,14
Tuxedo/Jacket Bib,518,1
Tuxedo/Jacket Bib,519,1
Tuxedo/Jacket Bib,520,2
Tuxedo/Jacket Bib,521,2
Tuxedo/Jacket Bib,522,1
Tuxedo/Jacket Bib,523,4
Tuxedo/Jacket Bib,524,2
Tuxedo/Jacket Bib,525,1
Tuxedo/Jacket Bib,526,6
Tuxedo/Jacket Bib,527,1
Tuxedo/Jacket Bib,528,2
Tuxedo/Jacket Bib,529,2
Tuxedo/Jacket Bib,530,1
Tuxedo/Jacket Bib,531,2
Tuxedo/Jacket Bib,532,1
Tuxedo/Jacket Bib,533,14
Tuxedo/Jacket Bib,534,1
Tuxedo/Jacket Bib,535,1
Tuxedo/Jacket Bib,536,1
Tuxedo/Jacket Bib,537,1
Tuxedo/Jacket Bib,538,1
Tuxedo/Jacket Bib,539,2
Tuxedo/Jacket Bib,540,1
Tuxedo/Jacket Bib,541,1
Tuxedo/Jacket Bib,542,1
Tuxedo/Jacket Bib,543,1
Tuxedo/Jacket Bib,544,1
Tuxedo/Jacket Bib,545,1
Tuxedo/Jacket Bib,546,2
Tuxedo/Jacket Bib,547,3
Tuxedo/Jacket Bib,548,15
Tuxedo/Jacket Bib,549,1
Tuxedo/Jacket Bib,550,1
Tuxedo/Jacket Bib,551,2
Tuxedo/Jacket Bib,552,2
Tuxedo/Jacket Bib,553,1
Tuxedo/Jacket Bib,554,1
Tuxedo/Jacket Bib,555,1
Tuxedo/Jacket Bib,556,1
Tuxedo/Jacket Bib,557,2
Tuxedo/Jacket Bib,558,2
Tuxedo/Jacket Bib,559,1
Tuxedo/Jacket Bib,560,1
Tuxedo/Jacket Bib,561,1
Tuxedo/Jacket Bib,562,1
Tuxedo/Jacket Bib,563,1
Tuxedo/Jacket Bib,564,1
Tuxedo/Jacket Bib,565,1
Tuxedo/Jacket Bib,566,1
Tuxedo/Jacket Bib,567,1
Tuxedo/Jacket Bib,568,1
Tuxedo/Jacket Bib,569,1
Tuxedo/Jacket Bib,570,1
Tuxedo/Jacket Bib,571,5
Tuxedo/Jacket Bib,572,1
Tuxedo/Jacket Bib,573,1
Tuxedo/Jacket Bib,574,1
Tuxedo/Jacket Bib,575,2
Tuxedo/Jacket Bib,576,2
Tuxedo/Jacket Bib,577,5
Tuxedo/Jacket Bib,578,2
Tuxedo/Jacket Bib,579,2
Tuxedo/Jacket Bib,580,18
Tuxedo/Jacket Bib,581,18
Tuxedo/Jacket Bib,582,1
Tuxedo/Jacket Bib,583,7
Legs,0,16
Legs,1,16
Legs,2,16
Legs,3,16
Legs,4,16
Legs,5,16
Legs,6,16
Legs,7,16
Legs,8,16
Legs,9,16
Legs,10,16
Legs,11,16
Legs,12,16
Legs,13,16
Legs,14,16
Legs,15,16
Legs,16,12
Legs,17,11
Legs,18,12
Legs,19,2
Legs,20,4
Legs,21,1
Legs,22,13
Legs,23,13
Legs,24,7
Legs,25,7
Legs,26,12
Legs,27,12
Legs,28,16
Legs,29,3
Legs,30,1
Legs,31,5
Legs,32,4
Legs,33,1
Legs,34,1
Legs,35,1
Legs,36,1
Legs,37,4
Legs,38,4
Legs,39,4
Legs,40,4
Legs,41,1
Legs,42,8
Legs,43,2
Legs,44,1
Legs,45,7
Legs,46,2
Legs,47,2
Legs,48,5
Legs,49,5
Legs,50,4
Legs,51,1
Legs,52,4
Legs,53,1
Legs,54,7
Legs,55,4
Legs,56,8
Legs,57,3
Legs,58,16
Legs,59,10
Legs,60,12
Legs,61,14
Legs,62,4
Legs,63,1
Legs,64,11
Legs,65,14
Legs,66,10
Legs,67,12
Legs,68,10
Legs,69,18
Legs,70,4
Legs,71,6
Legs,72,6
Legs,73,6
Legs,74,6
Legs,75,8
Legs,76,8
Legs,77,11
Legs,78,8
Legs,79,3
Legs,80,8
Legs,81,3
Legs,82,10
Legs,83,4
Legs,84,11
Legs,85,3
Legs,86,24
Legs,87,24
Legs,88,24
Legs,89,26
Legs,90,10
Legs,91,14
Legs,92,20
Legs,93,1
Legs,94,26
Legs,95,12
Legs,96,2
Legs,97,26
Legs,98,26
Legs,99,7
Legs,100,14
Legs,101,2
Legs,102,18
Legs,103,18
Legs,104,1
Legs,105,12
Legs,106,20
Legs,107,16
Legs,108,12
Legs,109,18
Legs,110,12
Legs,111,1
Legs,112,1
Legs,113,1
Legs,114,14
Legs,115,1
Legs,116,10
Legs,117,11
Legs,118,26
Legs,119,11
Legs,120,2
Legs,121,1
Legs,122,1
Legs,123,1
Legs,124,20
Legs,125,20
Legs,126,1
Legs,127,1
Legs,128,26
Legs,129,8
Legs,130,8
Legs,131,1
Legs,132,3
Legs,133,1
Legs,134,4
Legs,135,2
Legs,136,2
Legs,137,8
Legs,138,26
Legs,139,26
Legs,140,3
Legs,141,26
Legs,142,22
Legs,143,26
Legs,144,16
Legs,145,26
Legs,146,1
Legs,147,2
Legs,148,21
Legs,149,2
Legs,150,1
Legs,151,26
Legs,152,2
Legs,153,1
Legs,154,1
Legs,155,1
Legs,156,26
Legs,157,19
Legs,158,26
Legs,159,4
Legs,160,2
Legs,161,2
Legs,162,1
Legs,163,1
Legs,164,2
Legs,165,1
Legs,166,1
Legs,167,1
Legs,168,1
Legs,169,1
Legs,170,1
Legs,171,3
Legs,172,3
Legs,173,26
Legs,174,1
Legs,175,1
Legs,176,1
Legs,177,1
Legs,178,2
Legs,179,1
Legs,180,1
Legs,181,1
Legs,182,1
Legs,183,1
Legs,184,1
Legs,185,2
Legs,186,3
Legs,187,1
Legs,188,1
Legs,189,1
Legs,190,1
Legs,191,1
Legs,192,6
Legs,193,1
Legs,194,2
Legs,195,1
Legs,196,1
Legs,197,2
Legs,198,1
Legs,199,1
Legs,200,1
Legs,201,1
Legs,202,1
Legs,203,15
Legs,204,1
Legs,205,1
Legs,206,1
Legs,207,3
Legs,208,1
Legs,209,1
Legs,210,1
Legs,211,21
Legs,212,1
Legs,213,2
Legs,214,5
Legs,215,2
Legs,216,2
Legs,217,1
Legs,218,1
Feet,0,16
Feet,1,16
Feet,2,16
Feet,3,16
Feet,4,16
Feet,5,16
Feet,6,16
Feet,7,16
Feet,8,16
Feet,9,16
Feet,10,16
Feet,11,16
Feet,12,16
Feet,13,16
Feet,14,16
Feet,15,16
Feet,16,12
Feet,17,1
Feet,18,2
Feet,19,1
Feet,20,12
Feet,21,12
Feet,22,12
Feet,23,16
Feet,24,1
Feet,25,1
Feet,26,16
Feet,27,1
Feet,28,6
Feet,29,1
Feet,30,2
Feet,31,5
Feet,32,16
Feet,33,1
Feet,34,1
Feet,35,2
Feet,36,4
Feet,37,5
Feet,38,5
Feet,39,1
Feet,40,12
Feet,41,1
Feet,42,10
Feet,43,8
Feet,44,11
Feet,45,11
Feet,46,10
Feet,47,12
Feet,48,2
Feet,49,2
Feet,50,6
Feet,51,6
Feet,52,2
Feet,53,6
Feet,54,6
Feet,55,11
Feet,56,2
Feet,57,12
Feet,58,3
Feet,59,26
Feet,60,8
Feet,61,8
Feet,62,8
Feet,63,8
Feet,64,14
Feet,65,7
Feet,66,7
Feet,67,26
Feet,68,12
Feet,69,26
Feet,70,26
Feet,71,26
Feet,72,26
Feet,73,26
Feet,74,2
Feet,75,26
Feet,76,26
Feet,77,26
Feet,78,14
Feet,79,2
Feet,80,2
Feet,81,3
Feet,82,3
Feet,83,20
Feet,84,8
Feet,85,16
Feet,86,16
Feet,87,18
Feet,88,12
Feet,89,1
Feet,90,1
Feet,91,1
Feet,92,8
Feet,93,15
Feet,94,15
Feet,95,1
Feet,96,1
Feet,97,1
Feet,98,1
Feet,99,24
Feet,100,2
Feet,101,8
Feet,102,16
Feet,103,14
Feet,104,14
Feet,105,12
Feet,106,24
Feet,107,11
Feet,108,9
Feet,109,15
Feet,110,1
Feet,111,12
Feet,112,14
Feet,113,14
Feet,114,26
Feet,115,26
Feet,116,26
Feet,117,26
Feet,118,4
Feet,119,1
Feet,120,1
Feet,121,26
Feet,122,2
Feet,123,26
Feet,124,2
Feet,125,8
Feet,126,8
Feet,127,1
Feet,128,26
Feet,129,1
Feet,130,1
Feet,131,1
Feet,132,2
Feet,133,1
Feet,134,1
Feet,135,2
Feet,136,1
Feet,137,1
Feet,138,1
Feet,139,26
Feet,140,26
Feet,141,26
Feet,142,1
Feet,143,1
Feet,144,1
Feet,145,1
Feet,146,1
Feet,147,14
Feet,148,1
Feet,149,1
Feet,150,1
Feet,151,13
Feet,152,6
Feet,153,1
Feet,154,1
Feet,155,2
Feet,156,2
Feet,157,1
Beard,0,1
Beard,1,4
Beard,2,4
Beard,3,1
Beard,4,4
Beard,5,4
Beard,6,4
Beard,7,4
Beard,8,3
Beard,9,1
Beard,10,1
Beard,11,3
Beard,12,3
Beard,13,1
Beard,14,16
Beard,15,4
Beard,16,9
Beard,17,2
Beard,18,2
Beard,19,2
Beard,20,2
Beard,21,2
Beard,22,2
Beard,23,2
Beard,24,2
Beard,25,2
Beard,26,2
Beard,27,1
Beard,28,5
Beard,29,5
Beard,30,1
Beard,31,1
Beard,32,1
Beard,33,1
Beard,34,3
Beard,35,1
Beard,36,1
Beard,37,1
Beard,38,1
Beard,39,2
Beard,40,2
Beard,41,2
Beard,42,2
Beard,43,1
Beard,44,1
Beard,45,1
Beard,46,1
Beard,47,4
Beard,48,4
Beard,49,26
Beard,50,10
Beard,51,10
Beard,52,11
Beard,53,9
Beard,54,11
Beard,55,2
Beard,56,9
Beard,57,22
Beard,58,10
Beard,59,1
Beard,60,3
Beard,61,3
Beard,62,3
Beard,63,3
Beard,64,3
Beard,65,3
Beard,66,3
Beard,67,3
Beard,68,3
Beard,69,3
Beard,70,3
Beard,71,3
Beard,72,3
Beard,73,1
Beard,74,3
Beard,75,3
Beard,76,3
Beard,77,6
Beard,78,2
Beard,79,3
Beard,80,3
Beard,81,3
Beard,82,3
Beard,83,4
Beard,84,1
Beard,85,3
Beard,86,3
Beard,87,3
Beard,88,3
Beard,89,5
Beard,90,8
Beard,91,11
Beard,92,6
Beard,93,6
Beard,94,6
Beard,95,8
Beard,96,4
Beard,97,6
Beard,98,1
Beard,99,6
Beard,100,6
Beard,101,16
Beard,102,3
Beard,103,26
Beard,104,26
Beard,105,24
Beard,106,26
Beard,107,24
Beard,108,24
Beard,109,12
Beard,110,26
Beard,111,26
Beard,112,26
Beard,113,22
Beard,114,26
Beard,115,26
Beard,116,26
Beard,117,21
Beard,118,26
Beard,119,25
Beard,120,1
Beard,121,1
Beard,122,3
Beard,123,12
Beard,124,24
Beard,125,26
Beard,126,18
Beard,127,4
Beard,128,16
Beard,129,18
Beard,130,19
Beard,131,4
Beard,132,26
Beard,133,17
Beard,134,20
Beard,135,14
Beard,136,16
Beard,137,8
Beard,138,12
Beard,139,12
Beard,140,12
Beard,141,12
Beard,142,12
Beard,143,1
Beard,144,1
Beard,145,1
Beard,146,17
Beard,147,1
Beard,148,1
Beard,149,1
Beard,150,1
Beard,151,1
Beard,152,1
Beard,153,1
Beard,154,1
Beard,155,4
Beard,156,4
Beard,157,4
Beard,158,4
Beard,159,4
Beard,160,1
Beard,161,1
Beard,162,1
Beard,163,1
Beard,164,1
Beard,165,1
Beard,166,4
Beard,167,1
Beard,168,1
Beard,169,26
Beard,170,1
Beard,171,1
Beard,172,3
Beard,173,1
Beard,174,25
Beard,175,4
Beard,176,4
Beard,177,1
Beard,178,25
Beard,179,8
Beard,180,13
Beard,181,4
Beard,182,4
Beard,183,16
Beard,184,4
Beard,185,26
Beard,186,9
Beard,187,26
Beard,188,12
Beard,189,20
Beard,190,4
Beard,191,4
Beard,192,4
Beard,193,1
Beard,194,2
Beard,195,4
Beard,196,4
Beard,197,4
Beard,198,1
Beard,199,3
Beard,200,1
Beard,201,1
Beard,202,1
Beard,203,4
Beard,204,3
Beard,205,1
Beard,206,1
Beard,207,3
Beard,208,26
Beard,209,2
Beard,210,2
Beard,211,1
Beard,212,1
Beard,213,2
Beard,214,3
Beard,215,1
Beard,216,26
Beard,217,4
Beard,218,1
Beard,219,2
Beard,220,1
Beard,221,3
Beard,222,3
Beard,223,3
Beard,224,3
Beard,225,3
Beard,226,1
Beard,227,1
Beard,228,1
Beard,229,1
Beard,230,4
Beard,231,1
Beard,232,1
Beard,233,1
Beard,234,4
Beard,235,4
Beard,236,1
Beard,237,6
Beard,238,4
Beard,239,4
Beard,240,1
Beard,241,1
Beard,242,1
Beard,243,3
Beard,244,3
Beard,245,3
Beard,246,3
Beard,247,1
Beard,248,1
Beard,249,1
